Label (Grouping),Total,"Total!!Less than $10,000","Total!!$10,000 to $14,999","Total!!$15,000 to $24,999","Total!!$25,000 to $34,999","Total!!$35,000 to $49,999","Total!!$50,000 to $74,999","Total!!$75,000 to $99,999","Total!!$100,000 to $149,999","Total!!$150,000 to $199,999","Total!!$200,000 or more",Median income (dollars),Mean income (dollars),PERCENT ALLOCATED,PERCENT ALLOCATED!!Household income in the past 12 months,PERCENT ALLOCATED!!Family income in the past 12 months,PERCENT ALLOCATED!!Nonfamily income in the past 12 months
Alabama,,,,,,,,,,,,,,,,,
    Households,,,,,,,,,,,,,,,,,
        Estimate,"1,888,504",8.10%,5.60%,10.90%,10.50%,13.20%,17.50%,11.80%,13.10%,4.90%,4.40%,"52,035","71,964",,37.80%,(X),(X)
        Margin of Error,"±5,749",±0.2,±0.1,±0.2,±0.2,±0.2,±0.2,±0.2,±0.2,±0.1,±0.1,±377,±524,,(X),(X),(X)
    Families,,,,,,,,,,,,,,,,,
        Estimate,"1,234,552",4.60%,2.80%,7.70%,9.00%,12.60%,19.00%,14.30%,17.20%,6.70%,6.10%,"66,772","86,610",,(X),38.60%,(X)
        Margin of Error,"±7,117",±0.1,±0.1,±0.2,±0.2,±0.3,±0.3,±0.3,±0.3,±0.2,±0.2,±492,±677,,(X),(X),(X)
    Married-couple families,,,,,,,,,,,,,,,,,
        Estimate,"893,948",1.50%,1.30%,4.50%,6.70%,11.30%,19.60%,16.80%,21.60%,8.70%,8.10%,"82,058","102,291",,(X),(X),(X)
        Margin of Error,"±7,459",±0.1,±0.1,±0.2,±0.2,±0.3,±0.3,±0.3,±0.3,±0.2,±0.2,±591,±813,,(X),(X),(X)
    Nonfamily households,,,,,,,,,,,,,,,,,
        Estimate,"653,952",15.60%,11.10%,17.80%,13.50%,14.10%,14.20%,6.50%,4.80%,1.20%,1.20%,"28,529","42,194",,(X),(X),35.10%
        Margin of Error,"±5,379",±0.4,±0.3,±0.4,±0.4,±0.3,±0.4,±0.3,±0.2,±0.1,±0.1,±397,±657,,(X),(X),(X)
Alaska,,,,,,,,,,,,,,,,,
    Households,,,,,,,,,,,,,,,,,
        Estimate,"255,173",3.80%,2.90%,6.20%,6.70%,10.10%,18.30%,14.20%,19.30%,9.60%,8.80%,"77,790","98,811",,33.30%,(X),(X)
        Margin of Error,"±1,326",±0.2,±0.3,±0.3,±0.4,±0.5,±0.5,±0.5,±0.5,±0.4,±0.4,"±1,134","±1,165",,(X),(X),(X)
    Families,,,,,,,,,,,,,,,,,
        Estimate,"167,815",2.50%,1.60%,3.90%,5.40%,8.60%,17.30%,14.70%,22.90%,12.10%,11.00%,"92,648","112,443",,(X),34.70%,(X)
        Margin of Error,"±1,899",±0.3,±0.2,±0.3,±0.4,±0.5,±0.7,±0.6,±0.6,±0.6,±0.5,"±1,329","±1,512",,(X),(X),(X)
    Married-couple families,,,,,,,,,,,,,,,,,
        Estimate,"127,312",0.80%,0.80%,2.30%,3.60%,7.40%,16.10%,14.70%,26.20%,14.40%,13.60%,"106,410","126,479",,(X),(X),(X)
        Margin of Error,"±1,948",±0.1,±0.2,±0.3,±0.4,±0.6,±0.7,±0.7,±0.8,±0.7,±0.7,"±1,435","±1,754",,(X),(X),(X)
    Nonfamily households,,,,,,,,,,,,,,,,,
        Estimate,"87,358",7.50%,6.00%,11.30%,10.10%,13.50%,20.40%,12.70%,11.30%,3.90%,3.40%,"51,651","66,220",,(X),(X),28.00%
        Margin of Error,"±1,932",±0.6,±0.6,±0.7,±0.8,±1.1,±1.1,±1.0,±0.8,±0.5,±0.5,"±1,326","±1,624",,(X),(X),(X)
Arizona,,,,,,,,,,,,,,,,,
    Households,,,,,,,,,,,,,,,,,
        Estimate,"2,643,430",5.90%,3.70%,8.60%,9.00%,13.30%,18.60%,13.20%,15.00%,6.10%,6.40%,"61,529","84,380",,36.90%,(X),(X)
        Margin of Error,"±6,290",±0.1,±0.1,±0.2,±0.2,±0.2,±0.2,±0.2,±0.2,±0.1,±0.1,±286,±515,,(X),(X),(X)
    Families,,,,,,,,,,,,,,,,,
        Estimate,"1,720,736",3.90%,2.10%,6.20%,7.60%,12.10%,19.10%,14.80%,18.20%,7.80%,8.10%,"73,456","97,003",,(X),38.30%,(X)
        Margin of Error,"±8,674",±0.1,±0.1,±0.2,±0.2,±0.2,±0.2,±0.2,±0.2,±0.2,±0.1,±391,±632,,(X),(X),(X)
    Married-couple families,,,,,,,,,,,,,,,,,
        Estimate,"1,256,731",1.80%,1.20%,4.10%,5.70%,10.30%,18.70%,16.30%,21.70%,9.70%,10.50%,"86,678","111,864",,(X),(X),(X)
        Margin of Error,"±9,162",±0.1,±0.1,±0.1,±0.2,±0.2,±0.3,±0.3,±0.3,±0.2,±0.2,±469,±844,,(X),(X),(X)
    Nonfamily households,,,,,,,,,,,,,,,,,
        Estimate,"922,694",11.10%,7.00%,13.90%,12.50%,15.90%,17.60%,9.10%,7.90%,2.40%,2.60%,"39,829","56,121",,(X),(X),32.30%
        Margin of Error,"±7,415",±0.2,±0.3,±0.3,±0.3,±0.3,±0.4,±0.3,±0.3,±0.1,±0.2,±429,±790,,(X),(X),(X)
Arkansas,,,,,,,,,,,,,,,,,
    Households,,,,,,,,,,,,,,,,,
        Estimate,"1,170,544",7.40%,5.60%,11.90%,11.30%,14.10%,18.40%,11.60%,11.70%,4.00%,4.00%,"49,475","69,357",,37.30%,(X),(X)
        Margin of Error,"±4,411",±0.2,±0.2,±0.2,±0.2,±0.3,±0.3,±0.2,±0.2,±0.2,±0.2,±431,±648,,(X),(X),(X)
    Families,,,,,,,,,,,,,,,,,
        Estimate,"770,111",4.40%,2.90%,8.30%,10.10%,13.80%,20.10%,14.30%,15.30%,5.40%,5.30%,"62,067","82,767",,(X),37.90%,(X)
        Margin of Error,"±5,118",±0.2,±0.2,±0.3,±0.3,±0.3,±0.3,±0.3,±0.3,±0.2,±0.2,±542,±937,,(X),(X),(X)
    Married-couple families,,,,,,,,,,,,,,,,,
        Estimate,"564,299",1.40%,1.40%,5.60%,8.00%,12.80%,21.10%,16.80%,19.00%,7.00%,6.90%,"74,618","96,214",,(X),(X),(X)
        Margin of Error,"±5,139",±0.1,±0.1,±0.3,±0.3,±0.4,±0.4,±0.4,±0.5,±0.3,±0.3,±733,"±1,154",,(X),(X),(X)
    Nonfamily households,,,,,,,,,,,,,,,,,
        Estimate,"400,433",14.40%,11.30%,19.70%,14.50%,14.30%,14.00%,5.70%,3.90%,1.00%,1.20%,"27,792","40,847",,(X),(X),34.80%
        Margin of Error,"±4,290",±0.5,±0.4,±0.5,±0.4,±0.4,±0.4,±0.3,±0.3,±0.1,±0.1,±523,±727,,(X),(X),(X)
California,,,,,,,,,,,,,,,,,
    Households,,,,,,,,,,,,,,,,,
        Estimate,"13,103,114",4.70%,3.90%,6.90%,7.10%,10.00%,15.30%,12.30%,17.10%,9.40%,13.30%,"78,672","111,622",,37.60%,(X),(X)
        Margin of Error,"±18,542",±0.1,±0.1,±0.1,±0.1,±0.1,±0.1,±0.1,±0.1,±0.1,±0.1,±270,±320,,(X),(X),(X)
    Families,,,,,,,,,,,,,,,,,
        Estimate,"8,986,666",3.10%,2.10%,5.60%,6.40%,9.70%,15.20%,12.80%,18.70%,10.80%,15.70%,"89,798","124,332",,(X),38.70%,(X)
        Margin of Error,"±23,960",±0.1,±0.1,±0.1,±0.1,±0.1,±0.1,±0.1,±0.1,±0.1,±0.1,±376,±420,,(X),(X),(X)
    Married-couple families,,,,,,,,,,,,,,,,,
        Estimate,"6,510,580",1.40%,1.10%,3.80%,4.80%,8.00%,13.90%,13.00%,20.80%,13.00%,20.10%,"107,711","144,339",,(X),(X),(X)
        Margin of Error,"±28,316",±0.1,±0.1,±0.1,±0.1,±0.1,±0.1,±0.1,±0.1,±0.1,±0.1,±392,±492,,(X),(X),(X)
    Nonfamily households,,,,,,,,,,,,,,,,,
        Estimate,"4,116,448",9.50%,8.40%,10.90%,9.30%,11.30%,15.60%,10.80%,12.40%,5.40%,6.60%,"50,894","76,668",,(X),(X),32.80%
        Margin of Error,"±12,837",±0.1,±0.1,±0.1,±0.1,±0.1,±0.2,±0.1,±0.1,±0.1,±0.1,±236,±374,,(X),(X),(X)
Colorado,,,,,,,,,,,,,,,,,
    Households,,,,,,,,,,,,,,,,,
        Estimate,"2,137,402",4.50%,3.10%,6.60%,7.20%,11.00%,17.40%,13.60%,18.20%,8.70%,9.60%,"75,231","100,933",,33.00%,(X),(X)
        Margin of Error,"±4,703",±0.1,±0.1,±0.1,±0.1,±0.2,±0.2,±0.2,±0.2,±0.2,±0.1,±379,±594,,(X),(X),(X)
    Families,,,,,,,,,,,,,,,,,
        Estimate,"1,358,903",2.40%,1.60%,3.90%,5.40%,9.40%,16.60%,14.80%,21.90%,11.30%,12.80%,"92,752","119,073",,(X),33.40%,(X)
        Margin of Error,"±5,475",±0.1,±0.1,±0.1,±0.2,±0.2,±0.3,±0.3,±0.3,±0.2,±0.2,±545,±762,,(X),(X),(X)
    Married-couple families,,,,,,,,,,,,,,,,,
        Estimate,"1,069,666",1.10%,0.80%,2.50%,4.00%,7.80%,15.40%,15.20%,24.60%,13.30%,15.40%,"105,271","132,827",,(X),(X),(X)
        Margin of Error,"±6,589",±0.1,±0.1,±0.1,±0.1,±0.2,±0.3,±0.3,±0.3,±0.3,±0.3,±582,±979,,(X),(X),(X)
    Nonfamily households,,,,,,,,,,,,,,,,,
        Estimate,"778,499",8.90%,6.00%,11.90%,10.90%,14.40%,19.20%,11.00%,10.60%,3.60%,3.50%,"47,627","65,208",,(X),(X),30.90%
        Margin of Error,"±5,154",±0.3,±0.2,±0.3,±0.3,±0.3,±0.4,±0.2,±0.3,±0.2,±0.2,±467,±733,,(X),(X),(X)
Connecticut,,,,,,,,,,,,,,,,,
    Households,,,,,,,,,,,,,,,,,
        Estimate,"1,385,437",4.90%,3.40%,6.80%,6.90%,10.00%,15.40%,12.20%,17.60%,9.60%,13.20%,"79,855","115,337",,36.40%,(X),(X)
        Margin of Error,"±3,268",±0.2,±0.1,±0.2,±0.2,±0.2,±0.2,±0.2,±0.3,±0.2,±0.2,±587,±745,,(X),(X),(X)
    Families,,,,,,,,,,,,,,,,,
        Estimate,"902,996",2.70%,1.60%,4.20%,5.10%,8.30%,14.30%,12.60%,21.00%,12.30%,17.80%,"102,061","139,506",,(X),37.50%,(X)
        Margin of Error,"±4,503",±0.2,±0.1,±0.2,±0.2,±0.2,±0.3,±0.3,±0.4,±0.2,±0.3,±723,"±1,149",,(X),(X),(X)
    Married-couple families,,,,,,,,,,,,,,,,,
        Estimate,"664,429",0.90%,0.60%,2.10%,3.10%,6.20%,12.90%,12.60%,23.90%,15.00%,22.80%,"122,282","163,951",,(X),(X),(X)
        Margin of Error,"±5,234",±0.1,±0.1,±0.1,±0.2,±0.3,±0.3,±0.3,±0.4,±0.3,±0.4,±919,"±1,425",,(X),(X),(X)
    Nonfamily households,,,,,,,,,,,,,,,,,
        Estimate,"482,441",9.70%,7.10%,12.50%,10.70%,13.50%,17.50%,11.00%,10.40%,3.70%,3.80%,"45,539","65,681",,(X),(X),32.70%
        Margin of Error,"±4,473",±0.4,±0.3,±0.4,±0.4,±0.4,±0.5,±0.4,±0.3,±0.2,±0.2,±758,±974,,(X),(X),(X)
Delaware,,,,,,,,,,,,,,,,,
    Households,,,,,,,,,,,,,,,,,
        Estimate,"370,953",5.20%,3.50%,6.80%,8.90%,11.70%,17.70%,13.90%,17.00%,7.70%,7.60%,"69,110","92,308",,39.60%,(X),(X)
        Margin of Error,"±1,823",±0.3,±0.2,±0.3,±0.5,±0.4,±0.5,±0.5,±0.6,±0.3,±0.4,"±1,112","±1,355",,(X),(X),(X)
    Families,,,,,,,,,,,,,,,,,
        Estimate,"243,012",2.90%,1.80%,4.60%,6.30%,10.60%,17.60%,15.30%,21.00%,9.90%,10.00%,"84,825","107,809",,(X),39.80%,(X)
        Margin of Error,"±2,819",±0.3,±0.2,±0.3,±0.4,±0.5,±0.6,±0.6,±0.8,±0.4,±0.5,±964,"±1,562",,(X),(X),(X)
    Married-couple families,,,,,,,,,,,,,,,,,
        Estimate,"178,030",1.30%,0.80%,2.50%,4.00%,8.60%,17.00%,16.30%,24.70%,12.20%,12.60%,"98,979","123,242",,(X),(X),(X)
        Margin of Error,"±2,862",±0.2,±0.2,±0.3,±0.4,±0.5,±0.8,±0.7,±1.0,±0.6,±0.7,"±1,988","±2,018",,(X),(X),(X)
    Nonfamily households,,,,,,,,,,,,,,,,,
        Estimate,"127,941",10.40%,7.00%,12.00%,14.30%,14.50%,18.10%,10.50%,8.10%,2.80%,2.40%,"41,157","57,350",,(X),(X),37.80%
        Margin of Error,"±2,863",±0.7,±0.5,±0.7,±1.2,±0.8,±0.8,±0.8,±0.7,±0.3,±0.4,±977,"±1,628",,(X),(X),(X)
District of Columbia,,,,,,,,,,,,,,,,,
    Households,,,,,,,,,,,,,,,,,
        Estimate,"288,307",8.40%,3.90%,5.40%,5.50%,7.20%,12.40%,10.60%,16.40%,10.30%,19.80%,"90,842","133,587",,30.40%,(X),(X)
        Margin of Error,"±1,319",±0.5,±0.3,±0.3,±0.4,±0.5,±0.6,±0.5,±0.6,±0.5,±0.5,"±1,580","±2,032",,(X),(X),(X)
    Families,,,,,,,,,,,,,,,,,
        Estimate,"123,496",5.80%,2.70%,4.80%,4.90%,6.80%,9.90%,8.50%,14.20%,11.90%,30.40%,"120,337","173,874",,(X),35.40%,(X)
        Margin of Error,"±2,351",±0.6,±0.4,±0.5,±0.6,±0.7,±0.7,±0.6,±0.9,±0.7,±0.8,"±3,493","±3,283",,(X),(X),(X)
    Married-couple families,,,,,,,,,,,,,,,,,
        Estimate,"75,305",1.10%,0.50%,1.90%,2.00%,3.50%,6.20%,7.20%,15.60%,15.40%,46.50%,"187,153","236,954",,(X),(X),(X)
        Margin of Error,"±1,770",±0.3,±0.3,±0.4,±0.4,±0.5,±0.6,±0.7,±1.2,±1.0,±1.3,"±4,379","±5,129",,(X),(X),(X)
    Nonfamily households,,,,,,,,,,,,,,,,,
        Estimate,"164,811",10.50%,4.90%,6.10%,6.10%,7.80%,14.40%,12.50%,17.80%,9.00%,10.90%,"75,477","100,305",,(X),(X),26.00%
        Margin of Error,"±2,605",±0.8,±0.4,±0.5,±0.5,±0.6,±0.7,±0.7,±0.9,±0.7,±0.7,"±1,889","±2,413",,(X),(X),(X)
Florida,,,,,,,,,,,,,,,,,
    Households,,,,,,,,,,,,,,,,,
        Estimate,"7,931,313",6.20%,4.20%,9.30%,9.90%,13.80%,18.30%,12.50%,13.70%,5.60%,6.40%,"57,703","83,104",,38.40%,(X),(X)
        Margin of Error,"±23,200",±0.1,±0.1,±0.1,±0.1,±0.1,±0.1,±0.1,±0.1,±0.1,±0.1,±269,±375,,(X),(X),(X)
    Families,,,,,,,,,,,,,,,,,
        Estimate,"5,118,059",3.70%,2.30%,6.60%,8.60%,13.30%,19.10%,14.20%,16.70%,7.20%,8.30%,"69,670","96,492",,(X),39.30%,(X)
        Margin of Error,"±22,339",±0.1,±0.1,±0.1,±0.1,±0.1,±0.1,±0.1,±0.2,±0.1,±0.1,±357,±477,,(X),(X),(X)
    Married-couple families,,,,,,,,,,,,,,,,,
        Estimate,"3,721,358",1.90%,1.40%,4.40%,6.50%,11.70%,18.70%,15.70%,20.00%,9.10%,10.60%,"82,861","111,373",,(X),(X),(X)
        Margin of Error,"±22,536",±0.1,±0.1,±0.1,±0.1,±0.2,±0.2,±0.2,±0.2,±0.1,±0.1,±398,±547,,(X),(X),(X)
    Nonfamily households,,,,,,,,,,,,,,,,,
        Estimate,"2,813,254",11.90%,7.90%,15.00%,13.10%,15.30%,16.40%,8.40%,7.10%,2.20%,2.70%,"36,698","54,817",,(X),(X),35.20%
        Margin of Error,"±12,331",±0.2,±0.1,±0.2,±0.2,±0.2,±0.2,±0.2,±0.2,±0.1,±0.1,±235,±450,,(X),(X),(X)
Georgia,,,,,,,,,,,,,,,,,
    Households,,,,,,,,,,,,,,,,,
        Estimate,"3,830,264",6.60%,4.20%,9.00%,9.30%,12.50%,17.60%,12.70%,14.90%,6.30%,7.10%,"61,224","85,691",,37.60%,(X),(X)
        Margin of Error,"±8,096",±0.1,±0.1,±0.2,±0.1,±0.2,±0.1,±0.2,±0.2,±0.1,±0.1,±306,±467,,(X),(X),(X)
    Families,,,,,,,,,,,,,,,,,
        Estimate,"2,565,233",4.10%,2.40%,6.80%,8.00%,11.50%,17.70%,14.10%,18.10%,8.10%,9.20%,"74,127","99,832",,(X),39.00%,(X)
        Margin of Error,"±11,297",±0.1,±0.1,±0.2,±0.1,±0.2,±0.2,±0.2,±0.2,±0.1,±0.1,±461,±621,,(X),(X),(X)
    Married-couple families,,,,,,,,,,,,,,,,,
        Estimate,"1,813,793",1.50%,1.20%,3.70%,5.70%,9.50%,17.40%,15.90%,22.20%,10.50%,12.30%,"91,596","118,833",,(X),(X),(X)
        Margin of Error,"±12,408",±0.1,±0.1,±0.1,±0.1,±0.2,±0.2,±0.2,±0.3,±0.2,±0.2,±543,±770,,(X),(X),(X)
    Nonfamily households,,,,,,,,,,,,,,,,,
        Estimate,"1,265,031",12.60%,8.20%,14.40%,12.40%,14.70%,16.90%,9.00%,7.30%,2.30%,2.40%,"37,306","53,355",,(X),(X),33.40%
        Margin of Error,"±8,450",±0.3,±0.2,±0.3,±0.3,±0.3,±0.3,±0.2,±0.2,±0.1,±0.1,±334,±673,,(X),(X),(X)
Hawaii,,,,,,,,,,,,,,,,,
    Households,,,,,,,,,,,,,,,,,
        Estimate,"467,932",4.90%,2.70%,5.50%,6.30%,9.70%,16.10%,13.70%,19.50%,10.50%,11.30%,"83,173","107,348",,39.80%,(X),(X)
        Margin of Error,"±1,883",±0.2,±0.2,±0.2,±0.3,±0.3,±0.4,±0.3,±0.4,±0.3,±0.3,±983,"±1,158",,(X),(X),(X)
    Families,,,,,,,,,,,,,,,,,
        Estimate,"324,482",2.70%,1.50%,3.70%,4.90%,8.50%,15.00%,15.00%,23.00%,12.70%,13.10%,"97,813","120,352",,(X),41.30%,(X)
        Margin of Error,"±2,611",±0.2,±0.1,±0.3,±0.3,±0.3,±0.4,±0.4,±0.5,±0.4,±0.4,"±1,136","±1,396",,(X),(X),(X)
    Married-couple families,,,,,,,,,,,,,,,,,
        Estimate,"239,548",1.20%,0.90%,2.30%,3.70%,7.00%,14.00%,15.40%,25.50%,14.70%,15.40%,"108,893","132,880",,(X),(X),(X)
        Margin of Error,"±2,775",±0.2,±0.1,±0.2,±0.3,±0.4,±0.5,±0.5,±0.6,±0.4,±0.5,"±1,201","±1,658",,(X),(X),(X)
    Nonfamily households,,,,,,,,,,,,,,,,,
        Estimate,"143,450",10.70%,6.00%,10.40%,10.10%,13.60%,19.10%,11.20%,10.70%,3.80%,4.50%,"49,031","67,432",,(X),(X),33.30%
        Margin of Error,"±2,534",±0.6,±0.5,±0.6,±0.6,±0.7,±0.8,±0.7,±0.5,±0.3,±0.5,"±1,227","±1,645",,(X),(X),(X)
Idaho,,,,,,,,,,,,,,,,,
    Households,,,,,,,,,,,,,,,,,
        Estimate,"649,299",5.00%,4.00%,9.20%,9.70%,14.00%,20.90%,13.10%,14.50%,5.00%,4.70%,"58,915","77,399",,31.20%,(X),(X)
        Margin of Error,"±2,233",±0.2,±0.2,±0.3,±0.3,±0.3,±0.4,±0.4,±0.4,±0.2,±0.2,±599,±905,,(X),(X),(X)
    Families,,,,,,,,,,,,,,,,,
        Estimate,"441,391",2.70%,2.00%,5.80%,8.00%,12.90%,22.20%,15.40%,18.30%,6.30%,6.40%,"70,885","90,514",,(X),30.90%,(X)
        Margin of Error,"±3,461",±0.2,±0.2,±0.3,±0.4,±0.4,±0.5,±0.4,±0.5,±0.3,±0.3,±763,"±1,202",,(X),(X),(X)
    Married-couple families,,,,,,,,,,,,,,,,,
        Estimate,"356,168",1.50%,1.20%,4.10%,6.20%,11.70%,22.70%,16.90%,20.90%,7.40%,7.40%,"78,420","99,289",,(X),(X),(X)
        Margin of Error,"±3,902",±0.2,±0.1,±0.3,±0.4,±0.4,±0.6,±0.5,±0.6,±0.4,±0.4,"±1,213","±1,430",,(X),(X),(X)
    Nonfamily households,,,,,,,,,,,,,,,,,
        Estimate,"207,908",10.90%,8.70%,17.30%,14.10%,16.50%,16.90%,7.40%,5.40%,1.60%,1.10%,"34,270","46,050",,(X),(X),30.10%
        Margin of Error,"±3,356",±0.5,±0.5,±0.7,±0.6,±0.7,±0.8,±0.5,±0.5,±0.3,±0.2,±551,±799,,(X),(X),(X)
Illinois,,,,,,,,,,,,,,,,,
    Households,,,,,,,,,,,,,,,,,
        Estimate,"4,884,061",6.10%,3.70%,8.10%,8.10%,11.20%,16.70%,12.90%,16.60%,7.80%,8.80%,"68,428","95,115",,36.30%,(X),(X)
        Margin of Error,"±8,585",±0.1,±0.1,±0.1,±0.1,±0.1,±0.1,±0.1,±0.1,±0.1,±0.1,±267,±360,,(X),(X),(X)
    Families,,,,,,,,,,,,,,,,,
        Estimate,"3,116,415",3.30%,2.00%,5.30%,6.30%,10.00%,16.30%,14.20%,20.50%,10.20%,11.90%,"86,251","113,734",,(X),37.80%,(X)
        Margin of Error,"±10,228",±0.1,±0.1,±0.1,±0.1,±0.1,±0.2,±0.2,±0.2,±0.1,±0.1,±341,±540,,(X),(X),(X)
    Married-couple families,,,,,,,,,,,,,,,,,
        Estimate,"2,301,114",1.20%,0.90%,2.80%,4.30%,8.20%,15.40%,15.20%,24.10%,12.70%,15.20%,"103,203","132,431",,(X),(X),(X)
        Margin of Error,"±11,693",±0.1,±0.1,±0.1,±0.1,±0.1,±0.2,±0.2,±0.2,±0.2,±0.2,±461,±667,,(X),(X),(X)
    Nonfamily households,,,,,,,,,,,,,,,,,
        Estimate,"1,767,646",11.90%,7.00%,13.80%,11.70%,13.70%,17.20%,9.90%,8.70%,3.00%,3.00%,"40,774","58,782",,(X),(X),32.50%
        Margin of Error,"±7,877",±0.2,±0.1,±0.2,±0.2,±0.2,±0.2,±0.2,±0.2,±0.1,±0.1,±227,±457,,(X),(X),(X)
Indiana,,,,,,,,,,,,,,,,,
    Households,,,,,,,,,,,,,,,,,
        Estimate,"2,602,770",5.90%,4.10%,9.50%,9.90%,13.60%,19.20%,13.50%,14.70%,5.20%,4.50%,"58,235","76,984",,33.80%,(X),(X)
        Margin of Error,"±6,793",±0.1,±0.1,±0.2,±0.2,±0.2,±0.2,±0.2,±0.2,±0.1,±0.1,±305,±369,,(X),(X),(X)
    Families,,,,,,,,,,,,,,,,,
        Estimate,"1,679,392",3.50%,2.20%,5.50%,7.60%,12.10%,20.40%,16.30%,19.10%,7.10%,6.20%,"73,265","91,731",,(X),34.00%,(X)
        Margin of Error,"±8,218",±0.1,±0.1,±0.1,±0.2,±0.2,±0.3,±0.2,±0.2,±0.2,±0.1,±438,±512,,(X),(X),(X)
    Married-couple families,,,,,,,,,,,,,,,,,
        Estimate,"1,252,150",1.20%,0.90%,3.00%,5.20%,10.10%,20.80%,18.70%,23.30%,9.00%,7.80%,"86,077","105,895",,(X),(X),(X)
        Margin of Error,"±8,783",±0.1,±0.1,±0.1,±0.2,±0.2,±0.3,±0.3,±0.3,±0.2,±0.2,±396,±613,,(X),(X),(X)
    Nonfamily households,,,,,,,,,,,,,,,,,
        Estimate,"923,378",11.30%,8.20%,17.30%,14.60%,16.50%,16.60%,7.40%,5.50%,1.30%,1.30%,"33,840","46,705",,(X),(X),32.10%
        Margin of Error,"±6,153",±0.3,±0.3,±0.4,±0.3,±0.3,±0.3,±0.2,±0.2,±0.1,±0.1,±293,±535,,(X),(X),(X)
Iowa,,,,,,,,,,,,,,,,,
    Households,,,,,,,,,,,,,,,,,
        Estimate,"1,273,941",5.10%,4.00%,8.60%,9.30%,13.10%,19.10%,14.30%,15.90%,5.60%,5.00%,"61,836","80,316",,33.20%,(X),(X)
        Margin of Error,"±4,037",±0.1,±0.1,±0.2,±0.2,±0.2,±0.3,±0.2,±0.2,±0.1,±0.1,±294,±490,,(X),(X),(X)
    Families,,,,,,,,,,,,,,,,,
        Estimate,"800,738",2.80%,1.80%,4.80%,6.60%,11.30%,19.70%,17.30%,21.00%,7.80%,7.00%,"79,186","97,161",,(X),32.90%,(X)
        Margin of Error,"±3,998",±0.1,±0.1,±0.2,±0.2,±0.2,±0.3,±0.2,±0.3,±0.2,±0.2,±535,±746,,(X),(X),(X)
    Married-couple families,,,,,,,,,,,,,,,,,
        Estimate,"631,258",1.00%,0.80%,2.70%,4.60%,9.20%,19.40%,19.30%,24.90%,9.50%,8.50%,"90,637","109,444",,(X),(X),(X)
        Margin of Error,"±4,909",±0.1,±0.1,±0.1,±0.2,±0.2,±0.3,±0.3,±0.3,±0.2,±0.2,±529,±858,,(X),(X),(X)
    Nonfamily households,,,,,,,,,,,,,,,,,
        Estimate,"473,203",9.90%,8.20%,15.90%,14.60%,16.80%,17.90%,8.10%,5.90%,1.50%,1.30%,"36,253","48,489",,(X),(X),32.40%
        Margin of Error,"±3,625",±0.3,±0.3,±0.4,±0.4,±0.4,±0.5,±0.3,±0.3,±0.1,±0.1,±430,±514,,(X),(X),(X)
Kansas,,,,,,,,,,,,,,,,,
    Households,,,,,,,,,,,,,,,,,
        Estimate,"1,141,985",5.30%,4.00%,8.70%,9.60%,13.50%,18.70%,13.50%,15.10%,5.90%,5.70%,"61,091","82,103",,32.60%,(X),(X)
        Margin of Error,"±4,096",±0.1,±0.1,±0.2,±0.2,±0.2,±0.3,±0.2,±0.2,±0.1,±0.1,±354,±506,,(X),(X),(X)
    Families,,,,,,,,,,,,,,,,,
        Estimate,"737,611",2.70%,1.90%,5.20%,7.10%,11.60%,19.60%,16.10%,19.90%,8.00%,7.90%,"77,620","99,062",,(X),33.00%,(X)
        Margin of Error,"±3,868",±0.1,±0.1,±0.2,±0.2,±0.3,±0.4,±0.3,±0.3,±0.2,±0.2,±600,±646,,(X),(X),(X)
    Married-couple families,,,,,,,,,,,,,,,,,
        Estimate,"576,150",1.00%,0.90%,3.00%,5.00%,9.70%,19.40%,18.00%,23.50%,9.80%,9.70%,"89,695","111,899",,(X),(X),(X)
        Margin of Error,"±4,765",±0.1,±0.1,±0.2,±0.2,±0.2,±0.4,±0.3,±0.4,±0.3,±0.2,±619,±736,,(X),(X),(X)
    Nonfamily households,,,,,,,,,,,,,,,,,
        Estimate,"404,374",11.00%,8.30%,16.20%,14.80%,17.10%,16.50%,7.90%,5.20%,1.60%,1.50%,"34,826","47,937",,(X),(X),30.60%
        Margin of Error,"±4,061",±0.3,±0.3,±0.4,±0.5,±0.4,±0.5,±0.3,±0.3,±0.2,±0.1,±442,±869,,(X),(X),(X)
Kentucky,,,,,,,,,,,,,,,,,
    Households,,,,,,,,,,,,,,,,,
        Estimate,"1,748,053",8.10%,5.50%,10.40%,10.40%,13.50%,18.00%,12.40%,13.00%,4.50%,4.20%,"52,238","72,318",,34.00%,(X),(X)
        Margin of Error,"±5,379",±0.2,±0.1,±0.2,±0.2,±0.2,±0.2,±0.2,±0.2,±0.1,±0.1,±300,±481,,(X),(X),(X)
    Families,,,,,,,,,,,,,,,,,
        Estimate,"1,139,116",5.20%,3.10%,7.40%,8.70%,12.80%,19.20%,14.90%,16.90%,6.10%,5.70%,"65,893","85,749",,(X),34.50%,(X)
        Margin of Error,"±5,548",±0.2,±0.1,±0.2,±0.2,±0.3,±0.3,±0.3,±0.3,±0.2,±0.1,±495,±645,,(X),(X),(X)
    Married-couple families,,,,,,,,,,,,,,,,,
        Estimate,"839,220",2.10%,1.70%,4.80%,6.80%,11.60%,19.70%,17.20%,21.00%,7.80%,7.30%,"79,294","99,657",,(X),(X),(X)
        Margin of Error,"±6,433",±0.1,±0.1,±0.2,±0.2,±0.3,±0.3,±0.3,±0.3,±0.2,±0.2,±552,±781,,(X),(X),(X)
    Nonfamily households,,,,,,,,,,,,,,,,,
        Estimate,"608,937",15.00%,10.30%,16.80%,14.10%,14.60%,15.10%,6.80%,4.80%,1.20%,1.20%,"30,352","44,083",,(X),(X),31.60%
        Margin of Error,"±4,461",±0.3,±0.3,±0.3,±0.3,±0.3,±0.4,±0.3,±0.3,±0.1,±0.1,±321,±615,,(X),(X),(X)
Louisiana,,,,,,,,,,,,,,,,,
    Households,,,,,,,,,,,,,,,,,
        Estimate,"1,751,956",8.90%,5.50%,12.20%,10.20%,12.50%,16.30%,11.40%,13.00%,5.30%,4.70%,"50,800","73,759",,38.80%,(X),(X)
        Margin of Error,"±5,502",±0.2,±0.1,±0.3,±0.2,±0.2,±0.3,±0.2,±0.2,±0.2,±0.1,±360,±677,,(X),(X),(X)
    Families,,,,,,,,,,,,,,,,,
        Estimate,"1,116,752",5.50%,3.30%,9.10%,8.90%,11.90%,17.30%,13.40%,16.80%,7.20%,6.50%,"65,427","88,371",,(X),39.70%,(X)
        Margin of Error,"±6,697",±0.2,±0.1,±0.3,±0.2,±0.2,±0.3,±0.3,±0.3,±0.2,±0.2,±662,±849,,(X),(X),(X)
    Married-couple families,,,,,,,,,,,,,,,,,
        Estimate,"759,939",1.70%,1.50%,5.10%,6.70%,10.40%,17.80%,15.90%,22.20%,9.90%,9.00%,"85,541","107,777",,(X),(X),(X)
        Margin of Error,"±6,441",±0.1,±0.1,±0.3,±0.2,±0.3,±0.4,±0.4,±0.4,±0.3,±0.3,±830,±996,,(X),(X),(X)
    Nonfamily households,,,,,,,,,,,,,,,,,
        Estimate,"635,204",16.00%,9.80%,18.20%,12.80%,13.70%,14.00%,7.10%,5.40%,1.70%,1.40%,"28,909","45,261",,(X),(X),35.70%
        Margin of Error,"±6,251",±0.4,±0.3,±0.5,±0.4,±0.4,±0.4,±0.3,±0.3,±0.2,±0.2,±672,"±1,007",,(X),(X),(X)
Maine,,,,,,,,,,,,,,,,,
    Households,,,,,,,,,,,,,,,,,
        Estimate,"569,551",5.30%,4.90%,9.70%,9.30%,13.10%,18.50%,13.80%,15.00%,5.50%,4.90%,"59,489","78,301",,30.30%,(X),(X)
        Margin of Error,"±2,285",±0.2,±0.2,±0.3,±0.4,±0.3,±0.4,±0.3,±0.3,±0.2,±0.2,±682,±665,,(X),(X),(X)
    Families,,,,,,,,,,,,,,,,,
        Estimate,"349,955",2.50%,2.00%,5.40%,7.50%,12.20%,19.60%,17.00%,19.50%,7.50%,6.80%,"76,192","94,310",,(X),30.00%,(X)
        Margin of Error,"±2,947",±0.2,±0.2,±0.3,±0.4,±0.4,±0.5,±0.4,±0.4,±0.3,±0.3,±833,"±1,087",,(X),(X),(X)
    Married-couple families,,,,,,,,,,,,,,,,,
        Estimate,"275,146",1.00%,1.00%,3.50%,5.80%,10.70%,19.10%,18.80%,22.80%,9.10%,8.20%,"86,187","105,364",,(X),(X),(X)
        Margin of Error,"±3,194",±0.1,±0.1,±0.2,±0.4,±0.4,±0.5,±0.5,±0.5,±0.3,±0.4,±862,"±1,299",,(X),(X),(X)
    Nonfamily households,,,,,,,,,,,,,,,,,
        Estimate,"219,596",10.60%,10.00%,17.30%,13.10%,15.10%,16.40%,7.60%,6.40%,1.90%,1.50%,"34,126","48,945",,(X),(X),29.50%
        Margin of Error,"±3,158",±0.5,±0.5,±0.6,±0.7,±0.6,±0.7,±0.4,±0.4,±0.2,±0.2,±671,±883,,(X),(X),(X)
Maryland,,,,,,,,,,,,,,,,,
    Households,,,,,,,,,,,,,,,,,
        Estimate,"2,230,527",4.60%,2.60%,5.60%,6.10%,9.30%,15.20%,13.00%,19.30%,10.80%,13.40%,"87,063","114,236",,35.80%,(X),(X)
        Margin of Error,"±4,131",±0.1,±0.1,±0.1,±0.1,±0.2,±0.2,±0.2,±0.2,±0.2,±0.2,±391,±568,,(X),(X),(X)
    Families,,,,,,,,,,,,,,,,,
        Estimate,"1,479,378",2.60%,1.30%,3.50%,4.80%,7.70%,13.70%,13.40%,21.90%,13.40%,17.80%,"105,790","133,817",,(X),37.00%,(X)
        Margin of Error,"±6,420",±0.1,±0.1,±0.1,±0.1,±0.2,±0.2,±0.2,±0.2,±0.2,±0.2,±572,±838,,(X),(X),(X)
    Married-couple families,,,,,,,,,,,,,,,,,
        Estimate,"1,062,391",1.00%,0.60%,1.80%,2.90%,5.60%,11.40%,12.90%,24.10%,16.40%,23.20%,"126,625","155,985",,(X),(X),(X)
        Margin of Error,"±6,364",±0.1,±0.1,±0.1,±0.1,±0.2,±0.2,±0.2,±0.3,±0.3,±0.3,±712,"±1,132",,(X),(X),(X)
    Nonfamily households,,,,,,,,,,,,,,,,,
        Estimate,"751,149",9.60%,5.30%,10.40%,9.30%,12.90%,18.70%,12.00%,13.10%,4.80%,3.90%,"52,712","70,298",,(X),(X),31.80%
        Margin of Error,"±6,130",±0.3,±0.2,±0.3,±0.2,±0.3,±0.4,±0.3,±0.3,±0.2,±0.2,±578,±697,,(X),(X),(X)
Massachusetts,,,,,,,,,,,,,,,,,
    Households,,,,,,,,,,,,,,,,,
        Estimate,"2,646,980",5.00%,4.10%,6.80%,6.40%,9.00%,13.90%,12.00%,18.00%,10.60%,14.30%,"84,385","115,964",,38.50%,(X),(X)
        Margin of Error,"±4,188",±0.1,±0.1,±0.1,±0.1,±0.1,±0.2,±0.2,±0.2,±0.2,±0.2,±511,±563,,(X),(X),(X)
    Families,,,,,,,,,,,,,,,,,
        Estimate,"1,673,992",2.80%,1.70%,4.10%,5.00%,7.80%,12.90%,12.40%,20.90%,13.30%,19.00%,"106,526","139,154",,(X),39.90%,(X)
        Margin of Error,"±6,251",±0.1,±0.1,±0.1,±0.1,±0.2,±0.2,±0.2,±0.3,±0.2,±0.2,±662,±876,,(X),(X),(X)
    Married-couple families,,,,,,,,,,,,,,,,,
        Estimate,"1,240,714",1.00%,0.80%,2.10%,3.20%,5.90%,11.20%,12.10%,23.30%,16.20%,24.30%,"127,848","162,124",,(X),(X),(X)
        Margin of Error,"±8,034",±0.1,±0.1,±0.1,±0.1,±0.2,±0.2,±0.2,±0.3,±0.3,±0.3,±936,"±1,145",,(X),(X),(X)
    Nonfamily households,,,,,,,,,,,,,,,,,
        Estimate,"972,988",9.50%,8.40%,12.00%,9.20%,11.60%,15.90%,11.00%,12.00%,5.20%,5.10%,"48,876","71,190",,(X),(X),34.40%
        Margin of Error,"±5,329",±0.2,±0.2,±0.3,±0.2,±0.3,±0.3,±0.2,±0.3,±0.2,±0.2,±666,±695,,(X),(X),(X)
Michigan,,,,,,,,,,,,,,,,,
    Households,,,,,,,,,,,,,,,,,
        Estimate,"3,980,408",6.40%,4.10%,9.20%,9.60%,13.30%,18.20%,12.90%,14.60%,5.90%,5.70%,"59,234","80,803",,34.60%,(X),(X)
        Margin of Error,"±8,401",±0.1,±0.1,±0.1,±0.1,±0.1,±0.1,±0.1,±0.1,±0.1,±0.1,±218,±312,,(X),(X),(X)
    Families,,,,,,,,,,,,,,,,,
        Estimate,"2,526,437",3.60%,2.30%,5.80%,7.40%,11.70%,18.90%,15.30%,19.00%,8.10%,7.90%,"75,470","97,175",,(X),35.00%,(X)
        Margin of Error,"±8,567",±0.1,±0.1,±0.1,±0.1,±0.1,±0.2,±0.1,±0.2,±0.1,±0.1,±301,±425,,(X),(X),(X)
    Married-couple families,,,,,,,,,,,,,,,,,
        Estimate,"1,865,163",1.30%,1.00%,3.20%,5.00%,10.10%,18.90%,17.10%,22.90%,10.30%,10.20%,"89,586","112,592",,(X),(X),(X)
        Margin of Error,"±10,185",±0.1,±0.1,±0.1,±0.1,±0.2,±0.2,±0.2,±0.2,±0.2,±0.2,±377,±489,,(X),(X),(X)
    Nonfamily households,,,,,,,,,,,,,,,,,
        Estimate,"1,453,971",12.20%,7.90%,15.90%,14.10%,16.00%,16.40%,8.10%,6.10%,1.80%,1.60%,"35,002","49,045",,(X),(X),32.40%
        Margin of Error,"±6,895",±0.3,±0.1,±0.3,±0.2,±0.3,±0.3,±0.2,±0.2,±0.1,±0.1,±240,±440,,(X),(X),(X)
Minnesota,,,,,,,,,,,,,,,,,
    Households,,,,,,,,,,,,,,,,,
        Estimate,"2,207,988",4.10%,3.40%,7.00%,7.50%,11.50%,17.40%,14.10%,18.30%,8.20%,8.50%,"73,382","96,814",,30.50%,(X),(X)
        Margin of Error,"±5,616",±0.1,±0.1,±0.1,±0.1,±0.1,±0.2,±0.1,±0.2,±0.1,±0.1,±297,±386,,(X),(X),(X)
    Families,,,,,,,,,,,,,,,,,
        Estimate,"1,404,798",2.10%,1.40%,3.80%,5.40%,9.40%,16.50%,15.80%,23.00%,11.00%,11.70%,"92,692","116,714",,(X),30.40%,(X)
        Margin of Error,"±6,373",±0.1,±0.1,±0.1,±0.1,±0.1,±0.2,±0.2,±0.3,±0.2,±0.2,±473,±559,,(X),(X),(X)
    Married-couple families,,,,,,,,,,,,,,,,,
        Estimate,"1,110,550",0.70%,0.60%,2.20%,3.50%,7.40%,15.50%,16.50%,26.30%,13.10%,14.20%,"105,410","131,049",,(X),(X),(X)
        Margin of Error,"±7,084",±0.1,±0.1,±0.1,±0.1,±0.1,±0.2,±0.2,±0.3,±0.2,±0.2,±411,±667,,(X),(X),(X)
    Nonfamily households,,,,,,,,,,,,,,,,,
        Estimate,"803,190",8.50%,7.30%,13.30%,11.80%,16.00%,18.90%,10.30%,8.90%,2.60%,2.30%,"42,913","57,891",,(X),(X),29.30%
        Margin of Error,"±5,715",±0.2,±0.2,±0.3,±0.2,±0.3,±0.3,±0.2,±0.2,±0.1,±0.1,±336,±556,,(X),(X),(X)
Mississippi,,,,,,,,,,,,,,,,,
    Households,,,,,,,,,,,,,,,,,
        Estimate,"1,116,649",9.40%,6.70%,12.30%,11.00%,13.50%,17.00%,11.40%,11.20%,4.10%,3.40%,"46,511","65,156",,38.60%,(X),(X)
        Margin of Error,"±4,463",±0.2,±0.2,±0.3,±0.2,±0.2,±0.3,±0.3,±0.2,±0.2,±0.2,±373,±488,,(X),(X),(X)
    Families,,,,,,,,,,,,,,,,,
        Estimate,"740,489",6.00%,3.70%,9.40%,10.10%,13.30%,18.70%,14.10%,14.80%,5.60%,4.40%,"58,923","77,072",,(X),40.20%,(X)
        Margin of Error,"±5,332",±0.2,±0.2,±0.3,±0.3,±0.3,±0.3,±0.4,±0.4,±0.2,±0.2,±618,±658,,(X),(X),(X)
    Married-couple families,,,,,,,,,,,,,,,,,
        Estimate,"499,635",1.90%,1.40%,5.20%,7.80%,12.00%,20.50%,17.60%,19.70%,7.80%,6.10%,"76,417","94,087",,(X),(X),(X)
        Margin of Error,"±4,827",±0.1,±0.1,±0.3,±0.3,±0.4,±0.5,±0.5,±0.5,±0.3,±0.3,±801,±938,,(X),(X),(X)
    Nonfamily households,,,,,,,,,,,,,,,,,
        Estimate,"376,160",17.40%,13.20%,18.80%,13.10%,13.50%,12.70%,5.60%,3.60%,0.90%,1.20%,"25,314","39,215",,(X),(X),34.10%
        Margin of Error,"±4,479",±0.5,±0.5,±0.5,±0.5,±0.4,±0.5,±0.3,±0.3,±0.1,±0.1,±380,±716,,(X),(X),(X)
Missouri,,,,,,,,,,,,,,,,,
    Households,,,,,,,,,,,,,,,,,
        Estimate,"2,440,212",6.10%,4.50%,9.60%,10.00%,13.70%,18.50%,13.00%,14.20%,5.30%,5.20%,"57,290","78,194",,33.40%,(X),(X)
        Margin of Error,"±6,698",±0.1,±0.1,±0.2,±0.2,±0.2,±0.2,±0.2,±0.2,±0.1,±0.1,±288,±433,,(X),(X),(X)
    Families,,,,,,,,,,,,,,,,,
        Estimate,"1,551,056",3.30%,2.30%,6.20%,7.70%,12.50%,19.50%,15.60%,18.50%,7.30%,7.10%,"72,834","93,919",,(X),34.20%,(X)
        Margin of Error,"±8,319",±0.1,±0.1,±0.1,±0.2,±0.2,±0.3,±0.2,±0.3,±0.2,±0.1,±510,±637,,(X),(X),(X)
    Married-couple families,,,,,,,,,,,,,,,,,
        Estimate,"1,165,218",1.30%,1.10%,3.60%,5.70%,10.80%,19.40%,17.70%,22.40%,9.10%,9.00%,"85,731","107,848",,(X),(X),(X)
        Margin of Error,"±8,548",±0.1,±0.1,±0.1,±0.2,±0.2,±0.3,±0.3,±0.3,±0.2,±0.2,±518,±752,,(X),(X),(X)
    Nonfamily households,,,,,,,,,,,,,,,,,
        Estimate,"889,156",11.90%,8.70%,16.40%,14.50%,16.10%,16.10%,7.60%,5.70%,1.50%,1.50%,"33,731","47,519",,(X),(X),30.80%
        Margin of Error,"±6,698",±0.3,±0.2,±0.4,±0.3,±0.3,±0.3,±0.3,±0.2,±0.1,±0.1,±328,±584,,(X),(X),(X)
Montana,,,,,,,,,,,,,,,,,
    Households,,,,,,,,,,,,,,,,,
        Estimate,"436,048",5.70%,4.90%,9.60%,10.50%,13.50%,19.20%,12.80%,13.80%,5.40%,4.70%,"56,539","76,834",,33.40%,(X),(X)
        Margin of Error,"±1,975",±0.3,±0.2,±0.3,±0.4,±0.4,±0.4,±0.4,±0.4,±0.2,±0.3,±637,±958,,(X),(X),(X)
    Families,,,,,,,,,,,,,,,,,
        Estimate,"267,258",2.90%,1.90%,6.00%,7.90%,12.50%,20.30%,15.80%,18.80%,7.30%,6.60%,"72,773","94,034",,(X),33.30%,(X)
        Margin of Error,"±2,749",±0.2,±0.2,±0.4,±0.4,±0.4,±0.4,±0.5,±0.5,±0.3,±0.4,±772,"±1,358",,(X),(X),(X)
    Married-couple families,,,,,,,,,,,,,,,,,
        Estimate,"215,085",1.20%,1.20%,3.90%,6.10%,11.50%,20.60%,17.30%,21.70%,8.70%,7.80%,"82,469","104,122",,(X),(X),(X)
        Margin of Error,"±2,578",±0.1,±0.2,±0.3,±0.4,±0.4,±0.5,±0.6,±0.6,±0.4,±0.4,±854,"±1,608",,(X),(X),(X)
    Nonfamily households,,,,,,,,,,,,,,,,,
        Estimate,"168,790",10.90%,9.60%,16.00%,15.20%,15.40%,16.50%,7.40%,5.50%,1.90%,1.40%,"33,606","47,098",,(X),(X),32.50%
        Margin of Error,"±2,797",±0.6,±0.5,±0.7,±0.8,±0.6,±0.7,±0.5,±0.4,±0.3,±0.3,±664,±975,,(X),(X),(X)
Nebraska,,,,,,,,,,,,,,,,,
    Households,,,,,,,,,,,,,,,,,
        Estimate,"766,663",5.00%,3.80%,8.20%,9.20%,13.30%,19.30%,14.10%,15.90%,6.10%,5.20%,"63,015","82,306",,33.80%,(X),(X)
        Margin of Error,"±2,410",±0.2,±0.1,±0.2,±0.2,±0.3,±0.3,±0.3,±0.3,±0.2,±0.1,±563,±689,,(X),(X),(X)
    Families,,,,,,,,,,,,,,,,,
        Estimate,"488,849",2.30%,1.70%,4.60%,6.60%,11.30%,19.70%,16.90%,21.10%,8.50%,7.20%,"80,125","99,693",,(X),33.70%,(X)
        Margin of Error,"±2,562",±0.2,±0.1,±0.2,±0.3,±0.3,±0.3,±0.4,±0.4,±0.3,±0.2,±603,±945,,(X),(X),(X)
    Married-couple families,,,,,,,,,,,,,,,,,
        Estimate,"383,188",0.90%,0.80%,2.50%,4.50%,9.30%,19.10%,18.80%,24.90%,10.40%,8.90%,"91,937","112,529",,(X),(X),(X)
        Margin of Error,"±2,976",±0.1,±0.1,±0.2,±0.2,±0.3,±0.3,±0.4,±0.4,±0.3,±0.3,±587,"±1,049",,(X),(X),(X)
    Nonfamily households,,,,,,,,,,,,,,,,,
        Estimate,"277,814",10.60%,7.70%,15.40%,14.50%,17.40%,18.00%,8.20%,5.40%,1.50%,1.40%,"36,396","48,247",,(X),(X),32.60%
        Margin of Error,"±2,505",±0.4,±0.3,±0.5,±0.4,±0.5,±0.5,±0.3,±0.3,±0.1,±0.1,±488,±754,,(X),(X),(X)
Nevada,,,,,,,,,,,,,,,,,
    Households,,,,,,,,,,,,,,,,,
        Estimate,"1,130,011",5.90%,3.50%,8.50%,9.10%,13.30%,18.50%,13.70%,15.40%,6.20%,5.90%,"62,043","84,350",,37.40%,(X),(X)
        Margin of Error,"±2,777",±0.2,±0.1,±0.2,±0.2,±0.3,±0.3,±0.3,±0.3,±0.2,±0.2,±445,±746,,(X),(X),(X)
    Families,,,,,,,,,,,,,,,,,
        Estimate,"720,213",3.50%,1.90%,6.00%,7.80%,12.40%,19.10%,15.70%,18.50%,7.70%,7.50%,"74,077","96,532",,(X),39.00%,(X)
        Margin of Error,"±5,529",±0.2,±0.1,±0.2,±0.2,±0.3,±0.4,±0.3,±0.3,±0.2,±0.2,±625,±873,,(X),(X),(X)
    Married-couple families,,,,,,,,,,,,,,,,,
        Estimate,"501,828",1.50%,1.00%,3.70%,5.70%,10.40%,18.50%,17.30%,22.30%,9.80%,9.80%,"87,267","111,973",,(X),(X),(X)
        Margin of Error,"±5,061",±0.1,±0.1,±0.2,±0.3,±0.3,±0.4,±0.4,±0.4,±0.3,±0.3,±730,"±1,203",,(X),(X),(X)
    Nonfamily households,,,,,,,,,,,,,,,,,
        Estimate,"409,798",11.10%,6.60%,13.90%,12.40%,15.60%,17.20%,9.60%,8.30%,2.60%,2.70%,"40,355","57,846",,(X),(X),32.70%
        Margin of Error,"±5,030",±0.3,±0.3,±0.4,±0.4,±0.4,±0.5,±0.4,±0.3,±0.2,±0.2,±497,"±1,085",,(X),(X),(X)
New Hampshire,,,,,,,,,,,,,,,,,
    Households,,,,,,,,,,,,,,,,,
        Estimate,"539,116",3.70%,3.00%,6.70%,7.50%,10.20%,17.10%,14.10%,18.90%,9.20%,9.70%,"77,923","101,292",,31.40%,(X),(X)
        Margin of Error,"±1,981",±0.2,±0.2,±0.3,±0.3,±0.3,±0.4,±0.3,±0.4,±0.3,±0.2,±846,±828,,(X),(X),(X)
    Families,,,,,,,,,,,,,,,,,
        Estimate,"351,445",1.80%,1.30%,3.40%,4.80%,8.50%,16.30%,15.50%,23.50%,12.00%,12.90%,"97,001","120,331",,(X),31.60%,(X)
        Margin of Error,"±2,510",±0.2,±0.2,±0.3,±0.3,±0.4,±0.5,±0.4,±0.5,±0.4,±0.3,"±1,098","±1,248",,(X),(X),(X)
    Married-couple families,,,,,,,,,,,,,,,,,
        Estimate,"281,607",0.80%,0.60%,1.90%,3.50%,6.90%,15.10%,16.00%,26.00%,14.00%,15.20%,"108,144","132,758",,(X),(X),(X)
        Margin of Error,"±2,795",±0.1,±0.1,±0.2,±0.3,±0.4,±0.6,±0.5,±0.6,±0.5,±0.4,"±1,101","±1,532",,(X),(X),(X)
    Nonfamily households,,,,,,,,,,,,,,,,,
        Estimate,"187,671",7.80%,6.50%,13.50%,13.30%,14.10%,18.70%,10.90%,9.50%,3.00%,2.90%,"43,777","60,485",,(X),(X),29.50%
        Margin of Error,"±2,596",±0.4,±0.5,±0.6,±0.7,±0.5,±0.6,±0.5,±0.6,±0.2,±0.4,"±1,001","±1,207",,(X),(X),(X)
New Jersey,,,,,,,,,,,,,,,,,
    Households,,,,,,,,,,,,,,,,,
        Estimate,"3,272,054",4.70%,3.10%,6.70%,6.60%,9.00%,14.50%,12.30%,17.80%,10.40%,14.80%,"85,245","117,868",,38.30%,(X),(X)
        Margin of Error,"±6,029",±0.1,±0.1,±0.1,±0.1,±0.2,±0.2,±0.1,±0.2,±0.1,±0.2,±402,±480,,(X),(X),(X)
    Families,,,,,,,,,,,,,,,,,
        Estimate,"2,247,306",2.70%,1.60%,4.40%,5.20%,7.80%,13.30%,12.60%,20.40%,12.80%,19.20%,"104,804","138,130",,(X),39.60%,(X)
        Margin of Error,"±7,248",±0.1,±0.1,±0.1,±0.1,±0.2,±0.2,±0.2,±0.2,±0.2,±0.2,±594,±706,,(X),(X),(X)
    Married-couple families,,,,,,,,,,,,,,,,,
        Estimate,"1,669,437",1.00%,0.80%,2.30%,3.50%,6.10%,11.70%,12.40%,22.60%,15.30%,24.30%,"124,848","160,242",,(X),(X),(X)
        Margin of Error,"±9,427",±0.1,±0.1,±0.1,±0.1,±0.1,±0.2,±0.2,±0.3,±0.2,±0.3,±742,±863,,(X),(X),(X)
    Nonfamily households,,,,,,,,,,,,,,,,,
        Estimate,"1,024,748",10.10%,6.60%,12.50%,10.30%,12.20%,17.00%,11.30%,11.20%,4.50%,4.40%,"47,603","68,157",,(X),(X),33.70%
        Margin of Error,"±6,382",±0.3,±0.2,±0.2,±0.3,±0.3,±0.3,±0.3,±0.3,±0.2,±0.2,±608,±750,,(X),(X),(X)
New Mexico,,,,,,,,,,,,,,,,,
    Households,,,,,,,,,,,,,,,,,
        Estimate,"792,755",8.40%,5.70%,11.20%,10.30%,13.20%,17.80%,11.70%,12.80%,4.70%,4.10%,"51,243","70,241",,33.40%,(X),(X)
        Margin of Error,"±2,457",±0.3,±0.3,±0.3,±0.3,±0.3,±0.4,±0.3,±0.3,±0.2,±0.2,±514,±602,,(X),(X),(X)
    Families,,,,,,,,,,,,,,,,,
        Estimate,"496,734",5.40%,3.40%,8.70%,9.30%,13.00%,18.90%,13.40%,16.00%,6.30%,5.60%,"62,611","82,405",,(X),35.00%,(X)
        Margin of Error,"±3,462",±0.3,±0.2,±0.4,±0.4,±0.4,±0.5,±0.4,±0.5,±0.3,±0.2,±820,±875,,(X),(X),(X)
    Married-couple families,,,,,,,,,,,,,,,,,
        Estimate,"340,736",2.20%,1.90%,5.60%,7.10%,11.60%,19.30%,15.70%,20.40%,8.50%,7.70%,"77,968","98,611",,(X),(X),(X)
        Margin of Error,"±3,845",±0.3,±0.2,±0.3,±0.4,±0.4,±0.6,±0.5,±0.6,±0.4,±0.3,"±1,160","±1,211",,(X),(X),(X)
    Nonfamily households,,,,,,,,,,,,,,,,,
        Estimate,"296,021",15.10%,9.90%,16.30%,12.60%,13.50%,15.40%,7.60%,6.40%,1.70%,1.50%,"31,640","46,248",,(X),(X),29.20%
        Margin of Error,"±3,605",±0.6,±0.6,±0.6,±0.5,±0.6,±0.7,±0.4,±0.3,±0.2,±0.2,±643,±780,,(X),(X),(X)
New York,,,,,,,,,,,,,,,,,
    Households,,,,,,,,,,,,,,,,,
        Estimate,"7,417,224",6.40%,4.60%,8.10%,7.60%,10.40%,15.10%,12.00%,16.00%,8.40%,11.50%,"71,117","105,304",,41.40%,(X),(X)
        Margin of Error,"±12,559",±0.1,±0.1,±0.1,±0.1,±0.1,±0.1,±0.1,±0.1,±0.1,±0.1,±266,±410,,(X),(X),(X)
    Families,,,,,,,,,,,,,,,,,
        Estimate,"4,670,153",3.80%,2.50%,5.80%,6.40%,9.60%,15.00%,12.90%,18.90%,10.30%,14.60%,"87,270","123,221",,(X),43.90%,(X)
        Margin of Error,"±13,354",±0.1,±0.1,±0.1,±0.1,±0.1,±0.1,±0.1,±0.2,±0.1,±0.1,±405,±600,,(X),(X),(X)
    Married-couple families,,,,,,,,,,,,,,,,,
        Estimate,"3,259,898",1.50%,1.30%,3.70%,4.70%,7.80%,13.90%,13.50%,21.60%,12.90%,19.20%,"106,915","146,429",,(X),(X),(X)
        Margin of Error,"±15,699",±0.1,±0.1,±0.1,±0.1,±0.1,±0.1,±0.1,±0.2,±0.1,±0.2,±474,±734,,(X),(X),(X)
    Nonfamily households,,,,,,,,,,,,,,,,,
        Estimate,"2,747,071",11.50%,8.50%,12.70%,10.00%,12.10%,15.30%,9.90%,10.30%,4.40%,5.30%,"43,646","69,777",,(X),(X),35.70%
        Margin of Error,"±10,314",±0.2,±0.1,±0.2,±0.2,±0.2,±0.2,±0.2,±0.1,±0.1,±0.1,±356,±607,,(X),(X),(X)
North Carolina,,,,,,,,,,,,,,,,,
    Households,,,,,,,,,,,,,,,,,
        Estimate,"4,031,592",6.20%,4.80%,9.70%,10.00%,13.60%,18.00%,12.60%,13.70%,5.40%,6.00%,"56,642","79,620",,35.10%,(X),(X)
        Margin of Error,"±8,480",±0.1,±0.1,±0.1,±0.1,±0.2,±0.1,±0.2,±0.1,±0.1,±0.1,±280,±412,,(X),(X),(X)
    Families,,,,,,,,,,,,,,,,,
        Estimate,"2,625,055",3.80%,2.50%,6.70%,8.40%,12.60%,18.70%,14.70%,17.30%,7.10%,8.10%,"70,978","94,483",,(X),36.00%,(X)
        Margin of Error,"±10,866",±0.1,±0.1,±0.1,±0.1,±0.2,±0.2,±0.2,±0.2,±0.1,±0.1,±415,±544,,(X),(X),(X)
    Married-couple families,,,,,,,,,,,,,,,,,
        Estimate,"1,931,039",1.40%,1.20%,3.90%,6.20%,10.70%,18.80%,16.80%,21.40%,9.10%,10.50%,"85,886","110,779",,(X),(X),(X)
        Margin of Error,"±11,236",±0.1,±0.1,±0.1,±0.1,±0.2,±0.2,±0.2,±0.2,±0.2,±0.2,±423,±661,,(X),(X),(X)
    Nonfamily households,,,,,,,,,,,,,,,,,
        Estimate,"1,406,537",11.70%,9.50%,15.90%,13.40%,15.70%,16.10%,7.80%,6.20%,1.90%,1.70%,"34,473","48,939",,(X),(X),32.10%
        Margin of Error,"±7,015",±0.3,±0.2,±0.3,±0.2,±0.3,±0.3,±0.2,±0.2,±0.1,±0.1,±279,±468,,(X),(X),(X)
North Dakota,,,,,,,,,,,,,,,,,
    Households,,,,,,,,,,,,,,,,,
        Estimate,"320,873",5.60%,3.90%,8.00%,8.40%,11.80%,18.70%,14.10%,17.00%,6.30%,6.00%,"65,315","85,506",,34.60%,(X),(X)
        Margin of Error,"±1,737",±0.3,±0.2,±0.3,±0.4,±0.5,±0.4,±0.4,±0.4,±0.3,±0.3,±840,"±1,117",,(X),(X),(X)
    Families,,,,,,,,,,,,,,,,,
        Estimate,"189,465",2.50%,1.60%,4.40%,5.70%,9.60%,17.50%,17.20%,23.50%,9.40%,8.60%,"86,798","106,573",,(X),34.70%,(X)
        Margin of Error,"±2,018",±0.3,±0.2,±0.4,±0.4,±0.5,±0.6,±0.6,±0.7,±0.4,±0.5,"±1,051","±1,616",,(X),(X),(X)
    Married-couple families,,,,,,,,,,,,,,,,,
        Estimate,"152,651",0.90%,0.80%,2.80%,3.90%,7.60%,16.80%,18.80%,27.20%,11.20%,10.10%,"97,587","118,195",,(X),(X),(X)
        Margin of Error,"±2,209",±0.2,±0.2,±0.3,±0.3,±0.5,±0.6,±0.7,±0.8,±0.5,±0.6,"±1,085","±1,793",,(X),(X),(X)
    Nonfamily households,,,,,,,,,,,,,,,,,
        Estimate,"131,408",10.80%,7.60%,13.80%,12.90%,16.00%,20.00%,8.90%,6.70%,1.50%,2.00%,"39,781","52,239",,(X),(X),33.60%
        Margin of Error,"±1,895",±0.6,±0.5,±0.7,±0.7,±0.8,±0.8,±0.7,±0.5,±0.3,±0.3,"±1,082","±1,257",,(X),(X),(X)
Ohio,,,,,,,,,,,,,,,,,
    Households,,,,,,,,,,,,,,,,,
        Estimate,"4,717,226",6.60%,4.40%,9.50%,9.60%,13.30%,18.40%,13.00%,14.40%,5.60%,5.20%,"58,116","78,797",,32.50%,(X),(X)
        Margin of Error,"±9,371",±0.1,±0.1,±0.1,±0.1,±0.1,±0.1,±0.1,±0.1,±0.1,±0.1,±228,±279,,(X),(X),(X)
    Families,,,,,,,,,,,,,,,,,
        Estimate,"2,952,151",3.90%,2.40%,5.80%,7.30%,11.80%,19.20%,15.50%,18.90%,7.80%,7.30%,"74,391","95,193",,(X),33.10%,(X)
        Margin of Error,"±9,962",±0.1,±0.1,±0.1,±0.1,±0.1,±0.2,±0.2,±0.2,±0.1,±0.1,±367,±417,,(X),(X),(X)
    Married-couple families,,,,,,,,,,,,,,,,,
        Estimate,"2,145,605",1.20%,1.00%,2.90%,4.90%,9.90%,19.20%,17.70%,23.50%,10.10%,9.60%,"90,009","111,821",,(X),(X),(X)
        Margin of Error,"±12,840",±0.1,±0.1,±0.1,±0.1,±0.2,±0.2,±0.2,±0.2,±0.2,±0.1,±330,±452,,(X),(X),(X)
    Nonfamily households,,,,,,,,,,,,,,,,,
        Estimate,"1,765,075",12.30%,8.00%,16.40%,13.80%,16.10%,16.70%,8.00%,5.80%,1.50%,1.50%,"34,626","48,115",,(X),(X),30.10%
        Margin of Error,"±7,383",±0.2,±0.2,±0.2,±0.2,±0.2,±0.2,±0.2,±0.1,±0.1,±0.1,±228,±348,,(X),(X),(X)
Oklahoma,,,,,,,,,,,,,,,,,
    Households,,,,,,,,,,,,,,,,,
        Estimate,"1,493,569",6.70%,4.70%,10.70%,10.30%,14.10%,18.50%,12.50%,13.30%,4.80%,4.50%,"53,840","74,195",,36.10%,(X),(X)
        Margin of Error,"±3,009",±0.2,±0.1,±0.2,±0.2,±0.2,±0.2,±0.2,±0.2,±0.1,±0.1,±375,±531,,(X),(X),(X)
    Families,,,,,,,,,,,,,,,,,
        Estimate,"975,207",4.30%,2.60%,6.90%,8.90%,13.00%,19.70%,14.90%,17.20%,6.40%,6.00%,"67,511","88,048",,(X),36.90%,(X)
        Margin of Error,"±4,447",±0.2,±0.1,±0.1,±0.3,±0.2,±0.3,±0.3,±0.3,±0.2,±0.1,±542,±721,,(X),(X),(X)
    Married-couple families,,,,,,,,,,,,,,,,,
        Estimate,"717,880",1.60%,1.30%,4.30%,6.80%,11.30%,20.40%,17.20%,21.10%,8.20%,7.80%,"80,901","102,089",,(X),(X),(X)
        Margin of Error,"±4,902",±0.1,±0.1,±0.1,±0.2,±0.2,±0.4,±0.3,±0.4,±0.3,±0.2,±529,±932,,(X),(X),(X)
    Nonfamily households,,,,,,,,,,,,,,,,,
        Estimate,"518,362",12.50%,9.20%,18.60%,13.40%,16.20%,15.60%,6.90%,5.10%,1.40%,1.30%,"31,846","45,056",,(X),(X),33.10%
        Margin of Error,"±4,533",±0.4,±0.2,±0.4,±0.4,±0.5,±0.4,±0.2,±0.2,±0.2,±0.1,±427,±571,,(X),(X),(X)
Oregon,,,,,,,,,,,,,,,,,
    Households,,,,,,,,,,,,,,,,,
        Estimate,"1,642,579",5.40%,3.80%,8.10%,8.70%,12.20%,18.10%,13.30%,16.20%,7.00%,7.20%,"65,667","88,137",,30.70%,(X),(X)
        Margin of Error,"±3,451",±0.2,±0.1,±0.2,±0.2,±0.2,±0.2,±0.2,±0.3,±0.1,±0.2,±390,±556,,(X),(X),(X)
    Families,,,,,,,,,,,,,,,,,
        Estimate,"1,034,877",3.20%,1.70%,5.20%,6.90%,11.10%,18.20%,15.10%,19.90%,8.90%,9.60%,"80,630","103,600",,(X),30.50%,(X)
        Margin of Error,"±5,606",±0.2,±0.1,±0.2,±0.2,±0.2,±0.3,±0.3,±0.4,±0.2,±0.2,±597,±779,,(X),(X),(X)
    Married-couple families,,,,,,,,,,,,,,,,,
        Estimate,"793,578",1.30%,0.90%,3.30%,5.20%,9.50%,17.80%,16.30%,23.10%,10.70%,11.90%,"93,078","117,164",,(X),(X),(X)
        Margin of Error,"±6,157",±0.1,±0.1,±0.2,±0.2,±0.3,±0.3,±0.3,±0.4,±0.3,±0.3,±769,±906,,(X),(X),(X)
    Nonfamily households,,,,,,,,,,,,,,,,,
        Estimate,"607,702",10.50%,7.80%,13.90%,12.20%,14.30%,17.50%,9.50%,8.80%,3.00%,2.50%,"40,246","56,988",,(X),(X),29.20%
        Margin of Error,"±4,982",±0.3,±0.3,±0.3,±0.4,±0.3,±0.5,±0.3,±0.3,±0.2,±0.2,±472,±771,,(X),(X),(X)
Pennsylvania,,,,,,,,,,,,,,,,,
    Households,,,,,,,,,,,,,,,,,
        Estimate,"5,106,601",5.80%,4.00%,8.80%,9.00%,12.10%,17.60%,13.20%,15.70%,6.70%,7.10%,"63,627","87,262",,36.10%,(X),(X)
        Margin of Error,"±8,064",±0.1,±0.1,±0.1,±0.1,±0.1,±0.1,±0.1,±0.1,±0.1,±0.1,±256,±348,,(X),(X),(X)
    Families,,,,,,,,,,,,,,,,,
        Estimate,"3,254,545",3.20%,2.00%,5.10%,6.90%,10.90%,18.00%,15.30%,19.90%,9.00%,9.80%,"80,996","105,058",,(X),36.70%,(X)
        Margin of Error,"±8,811",±0.1,±0.1,±0.1,±0.1,±0.2,±0.2,±0.2,±0.2,±0.1,±0.1,±331,±451,,(X),(X),(X)
    Married-couple families,,,,,,,,,,,,,,,,,
        Estimate,"2,423,060",1.10%,0.90%,2.70%,4.90%,9.10%,17.40%,16.70%,23.70%,11.20%,12.40%,"95,778","121,189",,(X),(X),(X)
        Margin of Error,"±11,274",±0.1,±0.1,±0.1,±0.1,±0.2,±0.2,±0.2,±0.2,±0.2,±0.1,±364,±492,,(X),(X),(X)
    Nonfamily households,,,,,,,,,,,,,,,,,
        Estimate,"1,852,056",11.30%,7.90%,16.00%,13.30%,14.70%,16.60%,8.70%,7.10%,2.20%,2.10%,"36,247","52,451",,(X),(X),33.60%
        Margin of Error,"±8,143",±0.2,±0.2,±0.2,±0.2,±0.2,±0.2,±0.2,±0.1,±0.1,±0.1,±234,±399,,(X),(X),(X)
Rhode Island,,,,,,,,,,,,,,,,,
    Households,,,,,,,,,,,,,,,,,
        Estimate,"414,730",5.60%,4.90%,8.10%,7.80%,10.80%,15.80%,13.30%,18.30%,7.80%,7.70%,"70,305","92,427",,38.30%,(X),(X)
        Margin of Error,"±1,881",±0.4,±0.3,±0.4,±0.3,±0.4,±0.5,±0.5,±0.5,±0.3,±0.3,±949,"±1,274",,(X),(X),(X)
    Families,,,,,,,,,,,,,,,,,
        Estimate,"257,849",3.00%,2.10%,4.90%,6.10%,9.30%,15.60%,15.00%,22.90%,10.60%,10.50%,"89,330","111,700",,(X),39.50%,(X)
        Margin of Error,"±2,332",±0.3,±0.3,±0.4,±0.4,±0.4,±0.6,±0.6,±0.7,±0.5,±0.4,"±1,212","±1,774",,(X),(X),(X)
    Married-couple families,,,,,,,,,,,,,,,,,
        Estimate,"184,719",1.00%,0.90%,2.50%,3.80%,7.20%,14.40%,15.80%,27.60%,13.40%,13.50%,"106,989","129,862",,(X),(X),(X)
        Margin of Error,"±2,241",±0.2,±0.2,±0.3,±0.3,±0.5,±0.7,±0.7,±0.9,±0.6,±0.5,"±1,516","±2,290",,(X),(X),(X)
    Nonfamily households,,,,,,,,,,,,,,,,,
        Estimate,"156,881",10.70%,10.00%,13.90%,11.20%,13.20%,16.40%,10.00%,9.50%,2.70%,2.50%,"39,713","56,495",,(X),(X),34.90%
        Margin of Error,"±2,736",±0.8,±0.6,±0.8,±0.7,±0.7,±0.8,±0.6,±0.6,±0.3,±0.4,"±1,120","±1,321",,(X),(X),(X)
South Carolina,,,,,,,,,,,,,,,,,
    Households,,,,,,,,,,,,,,,,,
        Estimate,"1,961,481",7.40%,4.80%,9.90%,10.20%,13.50%,18.20%,12.40%,13.40%,5.20%,5.10%,"54,864","76,390",,38.50%,(X),(X)
        Margin of Error,"±5,748",±0.2,±0.1,±0.2,±0.2,±0.2,±0.2,±0.2,±0.2,±0.1,±0.1,±343,±519,,(X),(X),(X)
    Families,,,,,,,,,,,,,,,,,
        Estimate,"1,280,623",4.30%,2.40%,7.10%,8.60%,12.70%,19.20%,14.60%,17.30%,7.00%,6.80%,"68,813","90,694",,(X),39.00%,(X)
        Margin of Error,"±7,141",±0.2,±0.1,±0.3,±0.2,±0.3,±0.3,±0.3,±0.3,±0.2,±0.2,±594,±704,,(X),(X),(X)
    Married-couple families,,,,,,,,,,,,,,,,,
        Estimate,"923,300",1.60%,1.10%,4.00%,6.20%,11.00%,19.40%,17.10%,21.60%,9.20%,9.00%,"84,090","107,092",,(X),(X),(X)
        Margin of Error,"±7,619",±0.1,±0.1,±0.2,±0.2,±0.3,±0.3,±0.3,±0.3,±0.3,±0.2,±666,±908,,(X),(X),(X)
    Nonfamily households,,,,,,,,,,,,,,,,,
        Estimate,"680,858",14.20%,9.60%,16.20%,13.70%,15.10%,15.30%,7.40%,5.30%,1.60%,1.70%,"32,023","46,724",,(X),(X),36.30%
        Margin of Error,"±5,902",±0.5,±0.3,±0.4,±0.3,±0.4,±0.4,±0.3,±0.2,±0.1,±0.1,±352,±783,,(X),(X),(X)
South Dakota,,,,,,,,,,,,,,,,,
    Households,,,,,,,,,,,,,,,,,
        Estimate,"347,878",5.30%,4.10%,8.70%,10.00%,13.60%,19.10%,14.60%,15.10%,5.10%,4.40%,"59,896","77,932",,30.60%,(X),(X)
        Margin of Error,"±1,737",±0.2,±0.2,±0.4,±0.4,±0.4,±0.5,±0.4,±0.5,±0.2,±0.2,±725,±948,,(X),(X),(X)
    Families,,,,,,,,,,,,,,,,,
        Estimate,"218,705",3.50%,1.70%,5.10%,6.90%,11.30%,19.80%,18.10%,20.50%,7.10%,6.10%,"77,042","94,036",,(X),30.60%,(X)
        Margin of Error,"±2,183",±0.3,±0.2,±0.3,±0.4,±0.4,±0.6,±0.5,±0.6,±0.3,±0.4,±817,"±1,308",,(X),(X),(X)
    Married-couple families,,,,,,,,,,,,,,,,,
        Estimate,"171,918",1.50%,0.60%,2.80%,4.80%,9.20%,19.80%,20.70%,24.50%,8.60%,7.40%,"87,799","105,931",,(X),(X),(X)
        Margin of Error,"±2,317",±0.2,±0.1,±0.3,±0.3,±0.4,±0.6,±0.7,±0.8,±0.4,±0.5,"±1,095","±1,489",,(X),(X),(X)
    Nonfamily households,,,,,,,,,,,,,,,,,
        Estimate,"129,173",9.10%,8.60%,15.50%,15.80%,18.30%,17.60%,7.70%,4.60%,1.40%,1.40%,"35,803","47,783",,(X),(X),29.20%
        Margin of Error,"±1,957",±0.5,±0.5,±0.8,±0.8,±0.9,±0.7,±0.6,±0.4,±0.3,±0.2,±696,"±1,017",,(X),(X),(X)
Tennessee,,,,,,,,,,,,,,,,,
    Households,,,,,,,,,,,,,,,,,
        Estimate,"2,639,455",6.70%,4.90%,10.00%,10.20%,13.90%,18.40%,12.50%,13.30%,4.90%,5.10%,"54,833","76,937",,35.80%,(X),(X)
        Margin of Error,"±6,788",±0.1,±0.1,±0.2,±0.2,±0.2,±0.2,±0.2,±0.2,±0.1,±0.1,±285,±422,,(X),(X),(X)
    Families,,,,,,,,,,,,,,,,,
        Estimate,"1,726,939",4.10%,2.60%,7.00%,8.60%,12.90%,19.40%,15.00%,17.00%,6.60%,6.90%,"68,793","91,215",,(X),36.40%,(X)
        Margin of Error,"±7,286",±0.1,±0.1,±0.2,±0.2,±0.2,±0.2,±0.2,±0.2,±0.1,±0.2,±461,±619,,(X),(X),(X)
    Married-couple families,,,,,,,,,,,,,,,,,
        Estimate,"1,270,962",1.40%,1.30%,4.10%,6.60%,11.30%,19.90%,17.30%,20.90%,8.30%,8.90%,"82,255","106,188",,(X),(X),(X)
        Margin of Error,"±8,461",±0.1,±0.1,±0.1,±0.2,±0.2,±0.3,±0.3,±0.3,±0.2,±0.2,±473,±767,,(X),(X),(X)
    Nonfamily households,,,,,,,,,,,,,,,,,
        Estimate,"912,516",12.60%,9.70%,16.60%,13.80%,15.90%,15.90%,7.10%,5.30%,1.60%,1.60%,"32,825","46,961",,(X),(X),33.20%
        Margin of Error,"±6,552",±0.3,±0.3,±0.4,±0.3,±0.4,±0.3,±0.2,±0.2,±0.1,±0.1,±288,±593,,(X),(X),(X)
Texas,,,,,,,,,,,,,,,,,
    Households,,,,,,,,,,,,,,,,,
        Estimate,"9,906,070",6.00%,3.90%,8.40%,8.90%,12.30%,17.60%,12.50%,15.60%,7.00%,7.80%,"63,826","89,506",,35.50%,(X),(X)
        Margin of Error,"±18,881",±0.1,±0.1,±0.1,±0.1,±0.1,±0.1,±0.1,±0.1,±0.1,±0.1,±218,±315,,(X),(X),(X)
    Families,,,,,,,,,,,,,,,,,
        Estimate,"6,838,900",3.90%,2.50%,6.50%,7.70%,11.40%,17.30%,13.60%,18.50%,8.70%,9.90%,"76,073","102,456",,(X),37.00%,(X)
        Margin of Error,"±21,582",±0.1,±0.1,±0.1,±0.1,±0.1,±0.1,±0.1,±0.1,±0.1,±0.1,±294,±425,,(X),(X),(X)
    Married-couple families,,,,,,,,,,,,,,,,,
        Estimate,"4,974,588",1.60%,1.30%,4.10%,5.70%,9.70%,16.50%,14.90%,22.20%,11.10%,12.90%,"93,037","120,041",,(X),(X),(X)
        Margin of Error,"±25,868",±0.1,±0.1,±0.1,±0.1,±0.1,±0.1,±0.2,±0.2,±0.2,±0.1,±384,±498,,(X),(X),(X)
    Nonfamily households,,,,,,,,,,,,,,,,,
        Estimate,"3,067,170",11.90%,7.50%,13.50%,12.10%,14.70%,17.80%,9.20%,8.00%,2.60%,2.80%,"39,925","56,399",,(X),(X),30.40%
        Margin of Error,"±12,481",±0.2,±0.1,±0.2,±0.2,±0.2,±0.2,±0.2,±0.2,±0.1,±0.1,±264,±390,,(X),(X),(X)
Utah,,,,,,,,,,,,,,,,,
    Households,,,,,,,,,,,,,,,,,
        Estimate,"1,003,345",3.60%,2.70%,6.10%,7.20%,11.80%,19.10%,15.40%,19.20%,7.80%,7.00%,"74,197","94,452",,30.60%,(X),(X)
        Margin of Error,"±2,384",±0.2,±0.1,±0.2,±0.2,±0.2,±0.3,±0.3,±0.3,±0.2,±0.2,±508,±680,,(X),(X),(X)
    Families,,,,,,,,,,,,,,,,,
        Estimate,"746,286",2.10%,1.60%,3.90%,5.70%,10.30%,19.40%,17.20%,22.30%,9.30%,8.30%,"84,590","105,348",,(X),29.80%,(X)
        Margin of Error,"±3,953",±0.1,±0.1,±0.2,±0.2,±0.3,±0.4,±0.3,±0.3,±0.2,±0.2,±554,±781,,(X),(X),(X)
    Married-couple families,,,,,,,,,,,,,,,,,
        Estimate,"611,370",1.10%,1.00%,2.80%,4.40%,8.90%,18.70%,17.90%,24.90%,10.60%,9.70%,"92,965","114,559",,(X),(X),(X)
        Margin of Error,"±4,732",±0.1,±0.1,±0.1,±0.2,±0.3,±0.4,±0.4,±0.3,±0.3,±0.3,±623,±919,,(X),(X),(X)
    Nonfamily households,,,,,,,,,,,,,,,,,
        Estimate,"257,059",9.10%,6.50%,13.20%,12.70%,16.80%,18.80%,9.50%,8.80%,2.40%,2.20%,"41,986","57,162",,(X),(X),30.10%
        Margin of Error,"±3,522",±0.5,±0.5,±0.5,±0.5,±0.7,±0.6,±0.5,±0.5,±0.3,±0.2,±544,"±1,099",,(X),(X),(X)
Vermont,,,,,,,,,,,,,,,,,
    Households,,,,,,,,,,,,,,,,,
        Estimate,"262,852",4.50%,4.90%,8.60%,8.90%,12.30%,18.30%,13.90%,16.40%,6.10%,6.00%,"63,477","83,767",,31.40%,(X),(X)
        Margin of Error,"±1,220",±0.3,±0.3,±0.4,±0.3,±0.4,±0.5,±0.4,±0.5,±0.3,±0.3,±710,"±1,048",,(X),(X),(X)
    Families,,,,,,,,,,,,,,,,,
        Estimate,"157,105",2.50%,1.80%,5.00%,6.40%,10.50%,18.30%,16.90%,21.60%,8.60%,8.40%,"83,023","102,413",,(X),30.90%,(X)
        Margin of Error,"±1,448",±0.3,±0.2,±0.4,±0.4,±0.4,±0.7,±0.5,±0.6,±0.5,±0.4,"±1,207","±1,622",,(X),(X),(X)
    Married-couple families,,,,,,,,,,,,,,,,,
        Estimate,"124,107",1.20%,0.70%,3.20%,4.70%,8.40%,17.70%,18.40%,25.20%,10.40%,10.10%,"93,895","114,671",,(X),(X),(X)
        Margin of Error,"±1,636",±0.2,±0.1,±0.4,±0.3,±0.5,±0.7,±0.6,±0.7,±0.6,±0.5,"±1,317","±1,837",,(X),(X),(X)
    Nonfamily households,,,,,,,,,,,,,,,,,
        Estimate,"105,747",8.40%,9.90%,15.00%,13.20%,15.60%,17.70%,8.70%,7.30%,2.10%,2.10%,"37,947","52,318",,(X),(X),30.60%
        Margin of Error,"±1,492",±0.7,±0.7,±0.9,±0.7,±0.7,±0.9,±0.7,±0.5,±0.3,±0.4,"±1,062","±1,337",,(X),(X),(X)
Virginia,,,,,,,,,,,,,,,,,
    Households,,,,,,,,,,,,,,,,,
        Estimate,"3,184,121",4.80%,3.30%,7.00%,7.10%,10.80%,16.30%,12.90%,17.20%,9.00%,11.60%,"76,398","106,023",,34.40%,(X),(X)
        Margin of Error,"±7,450",±0.1,±0.1,±0.1,±0.1,±0.1,±0.2,±0.2,±0.2,±0.1,±0.1,±361,±679,,(X),(X),(X)
    Families,,,,,,,,,,,,,,,,,
        Estimate,"2,103,100",2.80%,1.60%,4.30%,5.80%,9.30%,15.70%,13.80%,20.10%,11.20%,15.30%,"93,284","123,883",,(X),34.90%,(X)
        Margin of Error,"±9,504",±0.1,±0.1,±0.1,±0.1,±0.2,±0.2,±0.2,±0.2,±0.2,±0.2,±580,±709,,(X),(X),(X)
    Married-couple families,,,,,,,,,,,,,,,,,
        Estimate,"1,598,945",1.00%,0.80%,2.50%,3.90%,7.30%,14.60%,14.50%,22.90%,13.40%,19.10%,"109,675","141,882",,(X),(X),(X)
        Margin of Error,"±10,720",±0.1,±0.1,±0.1,±0.1,±0.2,±0.2,±0.2,±0.3,±0.2,±0.2,±576,±782,,(X),(X),(X)
    Nonfamily households,,,,,,,,,,,,,,,,,
        Estimate,"1,081,021",9.40%,6.70%,12.70%,10.20%,14.20%,17.40%,10.60%,10.70%,4.40%,3.70%,"46,317","67,167",,(X),(X),31.70%
        Margin of Error,"±7,467",±0.2,±0.2,±0.3,±0.3,±0.2,±0.3,±0.2,±0.2,±0.2,±0.2,±384,"±1,430",,(X),(X),(X)
Washington,,,,,,,,,,,,,,,,,
    Households,,,,,,,,,,,,,,,,,
        Estimate,"2,905,822",4.40%,3.10%,6.50%,6.90%,10.80%,17.10%,13.60%,18.20%,8.90%,10.50%,"77,006","103,669",,29.90%,(X),(X)
        Margin of Error,"±5,585",±0.1,±0.1,±0.1,±0.1,±0.2,±0.2,±0.2,±0.2,±0.1,±0.1,±296,±473,,(X),(X),(X)
    Families,,,,,,,,,,,,,,,,,
        Estimate,"1,874,376",2.60%,1.60%,4.10%,5.10%,9.30%,16.50%,14.80%,21.40%,11.10%,13.50%,"92,422","120,270",,(X),29.90%,(X)
        Margin of Error,"±7,594",±0.1,±0.1,±0.1,±0.1,±0.2,±0.2,±0.2,±0.2,±0.2,±0.2,±512,±681,,(X),(X),(X)
    Married-couple families,,,,,,,,,,,,,,,,,
        Estimate,"1,456,242",1.00%,0.80%,2.30%,3.60%,7.50%,15.50%,15.60%,24.00%,13.20%,16.40%,"106,007","135,438",,(X),(X),(X)
        Margin of Error,"±8,632",±0.1,±0.1,±0.1,±0.1,±0.2,±0.2,±0.2,±0.3,±0.2,±0.2,±507,±774,,(X),(X),(X)
    Nonfamily households,,,,,,,,,,,,,,,,,
        Estimate,"1,031,446",8.80%,6.20%,11.60%,10.60%,14.10%,18.20%,10.90%,11.10%,4.20%,4.30%,"48,399","67,798",,(X),(X),27.90%
        Margin of Error,"±5,591",±0.2,±0.2,±0.3,±0.2,±0.3,±0.4,±0.2,±0.3,±0.2,±0.2,±507,±588,,(X),(X),(X)
West Virginia,,,,,,,,,,,,,,,,,
    Households,,,,,,,,,,,,,,,,,
        Estimate,"734,235",8.50%,5.90%,12.30%,10.80%,14.20%,17.90%,11.60%,11.90%,3.90%,3.10%,"48,037","65,332",,33.70%,(X),(X)
        Margin of Error,"±2,810",±0.3,±0.2,±0.3,±0.3,±0.3,±0.4,±0.3,±0.3,±0.2,±0.1,±616,±692,,(X),(X),(X)
    Families,,,,,,,,,,,,,,,,,
        Estimate,"470,391",5.20%,3.30%,8.20%,9.20%,14.00%,20.10%,14.60%,15.70%,5.40%,4.30%,"61,707","78,106",,(X),34.60%,(X)
        Margin of Error,"±4,024",±0.3,±0.2,±0.3,±0.3,±0.4,±0.5,±0.4,±0.4,±0.3,±0.2,±735,±840,,(X),(X),(X)
    Married-couple families,,,,,,,,,,,,,,,,,
        Estimate,"355,680",2.10%,1.80%,5.60%,7.50%,13.60%,21.20%,17.00%,19.10%,6.80%,5.30%,"72,682","89,118",,(X),(X),(X)
        Margin of Error,"±4,014",±0.2,±0.2,±0.2,±0.3,±0.5,±0.5,±0.4,±0.5,±0.3,±0.2,±733,±904,,(X),(X),(X)
    Nonfamily households,,,,,,,,,,,,,,,,,
        Estimate,"263,844",15.90%,11.00%,20.10%,14.10%,14.40%,13.10%,5.30%,4.30%,0.90%,1.00%,"26,825","39,768",,(X),(X),30.50%
        Margin of Error,"±3,642",±0.7,±0.4,±0.6,±0.6,±0.6,±0.6,±0.3,±0.3,±0.1,±0.1,±429,±882,,(X),(X),(X)
Wisconsin,,,,,,,,,,,,,,,,,
    Households,,,,,,,,,,,,,,,,,
        Estimate,"2,377,935",4.60%,4.10%,8.60%,9.00%,13.00%,18.90%,14.10%,16.30%,6.10%,5.20%,"63,293","82,757",,31.80%,(X),(X)
        Margin of Error,"±5,709",±0.1,±0.1,±0.2,±0.1,±0.1,±0.2,±0.2,±0.2,±0.1,±0.1,±303,±379,,(X),(X),(X)
    Families,,,,,,,,,,,,,,,,,
        Estimate,"1,479,364",2.50%,1.80%,4.90%,6.60%,11.00%,19.10%,16.80%,21.50%,8.50%,7.40%,"80,844","100,128",,(X),31.70%,(X)
        Margin of Error,"±5,669",±0.1,±0.1,±0.1,±0.2,±0.2,±0.2,±0.2,±0.3,±0.1,±0.1,±369,±532,,(X),(X),(X)
    Married-couple families,,,,,,,,,,,,,,,,,
        Estimate,"1,148,599",0.90%,0.80%,2.70%,4.60%,9.00%,18.50%,18.50%,25.50%,10.40%,9.10%,"92,806","113,293",,(X),(X),(X)
        Margin of Error,"±6,328",±0.1,±0.1,±0.1,±0.1,±0.2,±0.2,±0.2,±0.3,±0.2,±0.2,±388,±577,,(X),(X),(X)
    Nonfamily households,,,,,,,,,,,,,,,,,
        Estimate,"898,571",9.00%,8.30%,15.70%,13.60%,16.70%,18.30%,8.70%,6.60%,1.60%,1.50%,"37,792","50,628",,(X),(X),30.80%
        Margin of Error,"±5,385",±0.2,±0.2,±0.3,±0.2,±0.2,±0.3,±0.2,±0.2,±0.1,±0.1,±331,±465,,(X),(X),(X)
Wyoming,,,,,,,,,,,,,,,,,
    Households,,,,,,,,,,,,,,,,,
        Estimate,"233,231",5.20%,3.70%,8.10%,8.80%,12.30%,18.20%,14.90%,17.50%,6.20%,5.00%,"65,304","83,583",,31.80%,(X),(X)
        Margin of Error,"±1,535",±0.3,±0.3,±0.4,±0.4,±0.6,±0.6,±0.6,±0.6,±0.4,±0.4,"±1,056","±1,532",,(X),(X),(X)
    Families,,,,,,,,,,,,,,,,,
        Estimate,"149,353",2.70%,1.60%,4.50%,6.20%,11.00%,19.10%,17.60%,22.20%,8.30%,6.60%,"81,290","98,307",,(X),31.50%,(X)
        Margin of Error,"±1,987",±0.4,±0.2,±0.5,±0.5,±0.6,±0.7,±0.8,±0.8,±0.5,±0.5,"±1,408","±1,977",,(X),(X),(X)
    Married-couple families,,,,,,,,,,,,,,,,,
        Estimate,"121,166",1.20%,1.00%,2.80%,4.60%,9.30%,18.80%,19.40%,25.30%,9.70%,8.00%,"91,049","108,616",,(X),(X),(X)
        Margin of Error,"±2,035",±0.2,±0.2,±0.3,±0.4,±0.7,±0.8,±0.8,±0.9,±0.6,±0.6,"±1,584","±2,230",,(X),(X),(X)
    Nonfamily households,,,,,,,,,,,,,,,,,
        Estimate,"83,878",10.40%,7.70%,15.20%,14.20%,15.10%,16.50%,9.30%,7.70%,1.90%,1.90%,"37,385","53,835",,(X),(X),30.70%
        Margin of Error,"±1,911",±0.8,±0.7,±0.9,±0.9,±1.0,±1.1,±0.8,±0.8,±0.4,±0.3,"±1,431","±2,043",,(X),(X),(X)
Puerto Rico,,,,,,,,,,,,,,,,,
    Households,,,,,,,,,,,,,,,,,
        Estimate,"1,205,749",26.40%,11.70%,18.30%,12.40%,12.00%,10.20%,4.30%,2.90%,0.90%,1.00%,"21,058","33,315",,32.90%,(X),(X)
        Margin of Error,"±3,649",±0.3,±0.3,±0.3,±0.2,±0.2,±0.2,±0.1,±0.1,±0.1,±0.1,±186,±282,,(X),(X),(X)
    Families,,,,,,,,,,,,,,,,,
        Estimate,"810,494",20.80%,9.70%,18.70%,13.90%,13.80%,12.10%,5.10%,3.60%,1.10%,1.20%,"25,468","37,911",,(X),35.10%,(X)
        Margin of Error,"±4,454",±0.3,±0.3,±0.3,±0.3,±0.3,±0.3,±0.2,±0.1,±0.1,±0.1,±247,±380,,(X),(X),(X)
    Married-couple families,,,,,,,,,,,,,,,,,
        Estimate,"450,566",9.90%,8.50%,18.40%,14.60%,16.30%,16.10%,7.20%,5.30%,1.70%,1.90%,"33,892","48,475",,(X),(X),(X)
        Margin of Error,"±3,956",±0.3,±0.3,±0.4,±0.4,±0.4,±0.4,±0.3,±0.2,±0.1,±0.1,±412,±639,,(X),(X),(X)
    Nonfamily households,,,,,,,,,,,,,,,,,
        Estimate,"395,255",41.00%,16.20%,17.90%,9.20%,7.00%,4.80%,2.00%,1.10%,0.40%,0.40%,"12,539","21,216",,(X),(X),26.20%
        Margin of Error,"±3,822",±0.7,±0.5,±0.5,±0.3,±0.3,±0.3,±0.2,±0.1,±0.1,±0.1,±212,±511,,(X),(X),(X)
